siRNA,hsa,medoids_1,medoids_2,medoids_3,medoids_4,medoids_5
AAK1,hsa22848,3.828751566088,-5.43361910332838,2.25930148037453,-5.5816776056781,-7.87886533973225
AATK,hsa9625,4.61911949644391,-4.2691969101565,-6.15315011250421,-2.24733693273328,-6.49241996229274
ABL1,hsa25,4.88854821033079,-4.35171280648223,-0.975473294013853,-6.297554997142,-10.3439809121983
ABL2,hsa27,3.84794230459442,-3.86897725640301,0.1144177218787,-4.81159355213392,-9.29736596195331
ACVR1,hsa90,3.84794230459442,1.85994341632937,2.43032038181689,-3.14753638927037,5.61101281207573
ACVR1B,hsa91,3.828751566088,-2.1244390511051,0.685580340604455,-3.08559186138277,-1.2420846946471
ACVR1C,hsa130399,4.88854821033079,3.54818354200647,-0.39973859636628,-8.23895502048282,-10.5605219363869
ACVR2,,3.828751566088,-8.55934466491202,0.891034520002206,-3.08559186138277,-4.15059379283266
ACVR2B,hsa93,4.88854821033079,-3.02326539755024,1.10291275965718,-6.297554997142,-10.0182727257117
ACVRL1,hsa94,2.76775951750422,-4.88121906886182,1.84098519623734,-0.985731994708275,0.097286547099232
ADCK1,hsa57143,1.60754890861832,-4.75598217656603,-1.15621509746715,-3.05063279381961,-3.77915644595841
ADCK2,hsa90956,1.1930392399277,1.84764211036648,-0.834491214855275,-3.44950729575801,-17.2664567284308
ADCK4,,3.84794230459442,0.349375816357886,0.600331324758579,-1.48347922640681,-5.8394344514631
ADCK5,hsa203054,1.60754890861832,1.32383588224372,-0.124314247139827,1.10951011333928,-19.9179634619867
ADK,,4.61911949644391,-2.7725575253095,3.39902236907312,-3.63405123511957,-7.94095836633706
ADPGK,,1.1930392399277,-7.22627402490929,-1.98144640564534,-2.34013585384897,-10.6054665278463
ADRBK1,,3.84794230459442,-2.82302682246646,-1.6007484923838,-4.81159355213392,1.77559156583643
ADRBK2,,4.54445171346748,-3.04126673776995,0.495694379307551,-7.80517691955336,-2.92218301379167
AK1,,-21.0885007398882,-2.21517142391603,-1.48013820791481,-14.7277656542099,-46.2395785161019
AK3,,4.61911949644391,-1.70069358861193,-1.45733568772249,-3.07936551416506,-5.34089693821727
AK3L1,,4.61911949644391,-8.38801591449839,2.50428388640008,-8.9035655841875,-7.59978296383699
AK5,,4.61911949644391,-8.67926776757208,-5.84039676448576,-1.13796549082424,-10.4354392329736
AK7,,4.61911949644391,-10.3020335777816,2.62419967786829,-5.02076553750587,-4.25595019176501
AKT1,hsa207,4.54445171346748,-4.79575366815679,4.94253306330921,-2.53566257048544,-7.68339559533011
AKT2,hsa208,4.88854821033079,-7.9445368631818,2.34686547288968,-0.196012066642303,-4.88741609770633
AKT3,hsa10000,2.76775951750422,-6.80153368990724,1.39789866173898,-4.8685320413899,-25.9284339398017
ALDH18A1,,1.60754890861832,-6.98840586022449,0.972058703426664,-7.48811856145576,5.57783675453959
ALK,hsa238,-21.8596779317377,-3.13363772412494,-1.42203229351612,-14.7959365293153,-46.9826773724013
ALPK1,hsa80216,4.88854821033079,-6.83287802612856,1.81858779696216,-2.96944067141489,0.260925209270758
ALPK2,hsa115701,3.84794230459442,0.227650238799359,0.504259792983854,-2.03816494736133,-3.12482595982325
ALPK3,hsa57538,4.88854821033079,-9.78011175523454,2.59352623700045,-4.63349783427845,-4.86298237965607
ALS2CR2,,3.828751566088,-3.77080089634908,-3.59272804187432,-7.24573476854166,-9.30655662654102
ALS2CR7,,1.1930392399277,4.10822653821781,-1.2771147540198,0.43329275092362,-8.48264717063497
AMHR2,hsa269,4.54445171346748,-5.27195817282469,-3.53641623439432,-4.47706259382625,-6.79436691838183
ANKK1,hsa255239,4.88854821033079,-7.63092963961419,0.784371969965567,-3.80146925284667,-1.14121154673315
APEG1,,3.84794230459442,-10.6690361941206,-3.23060781638368,-4.53425069165666,-9.38882428272863
ARAF,hsa369,2.76775951750422,3.19990793759959,1.54420518723687,0.123639447200762,-9.83670105946657
ARK5,,4.54445171346748,-5.38298594481702,-3.4361777446149,-7.80517691955336,-6.97750772248338
ATM,hsa472,3.828751566088,-8.93526602068363,0.279880679314805,-2.53090614042825,-7.38167280179194
ATR,hsa545,4.88854821033079,-9.82449477351358,1.61706907790216,-3.80146925284667,-5.48032604488944
AURKB,hsa9212,2.76775951750422,-4.2943145149104,3.66368207678747,-5.14587490186716,-22.9345189097157
AURKC,hsa6795,3.828751566088,-8.30423594486724,-0.149431744001402,-5.5816776056781,-6.58118833245702
AXL,hsa558,2.76775951750422,2.27809418400782,1.18353182216453,-1.81776057614005,-6.75513847197086
BAIAP1,,1.1930392399277,-9.21433361161901,-0.781593997962439,0.155949890446361,2.33655834951346
BCKDK,hsa10295,4.88854821033079,-9.2371922705586,6.51764318908084,-6.02021213666475,-8.10213124044846
BCR,hsa613,2.76775951750422,-1.18525599394632,-3.18193543191228,-7.91930350663975,-20.0430461654
BLK,hsa640,4.54445171346748,-6.27949482353556,-1.67077653662923,-1.70363398905366,-3.14970800297536
BMP2K,hsa55589,1.60754890861832,-5.2291903593248,-1.19452796134357,-5.54671853811494,-11.9214127830215
BMPR1A,hsa657,4.61911949644391,-1.27535633010454,1.07698502096137,-3.07936551416506,-7.94073420378614
BMPR1B,hsa658,1.60754890861832,0.412064488800527,0.839989284444789,-2.21860421238783,3.1828840605115
BMPR2,hsa659,4.54445171346748,-4.89933745290611,-0.204470314313316,-3.64503401239447,-5.30368595476457
BMX,hsa660,1.60754890861832,-4.87756730153507,-1.38065208555292,-1.94126135191058,0.498089188143991
BRAF,hsa673,4.88854821033079,-3.23277384354039,2.37175147208434,-3.52412639236941,-6.74191288146658
BRD2,hsa6046,4.54445171346748,-4.81567452709954,-0.458654752599212,-4.47706259382625,-6.41104895630882
BRD3,hsa8019,1.1930392399277,-7.37506013470967,-0.551832563537355,-4.00419301671253,-4.46520593304873
BRD4,hsa23476,3.828751566088,16.4640164014434,-0.967081503587744,-4.19496330329181,-3.98179939198998
BRDT,hsa676,2.76775951750422,-2.80577456272403,-0.927842649043612,-2.37244629709457,-9.29176189818031
BRSK1,hsa84446,3.828751566088,-10.6466574148618,2.82716525734658,-5.85902046615536,-6.62086510396983
BRSK2,hsa9024,3.84794230459442,-0.611062399343802,-1.62088878940645,-0.928793505452293,-9.90193236178425
BTK,hsa695,3.84794230459442,-9.66454268284869,1.75365270138913,-3.14753638927037,-7.02435769562564
BUB1,hsa699,1.1930392399277,0.915083733678679,1.77043628224133,-2.34013585384897,-4.87811335184316
BUB1B,hsa701,4.54445171346748,-0.809006915465898,-3.28373653094344,-9.19189122193966,-8.64998451489667
C9orf96,,2.76775951750422,-1.6373962882815,-1.21964545820516,-6.2552463437762,-19.7433408348201
CABC1,,3.84794230459442,-1.46091760958655,-0.638759937468456,-3.14753638927037,-7.24224369511977
CALM1,,1.1930392399277,-6.60233680486218,-0.284105511736223,-2.89482157480349,-2.76672628472873
CALM2,,1.1930392399277,-6.78785126681436,2.43610782349006,0.155949890446361,0.996066295012526
CALM3,,1.1930392399277,-4.35193518974893,-1.56706558184592,-3.44950729575801,-10.1264311565305
CAMK1,hsa8536,3.828751566088,-16.0784740432917,4.1894132783788,-3.36293472186003,3.55297643208024
CAMK1D,hsa57118,1.1930392399277,-8.41181092403459,2.79157249105654,-1.23076441193993,13.1463490425233
CAMK1G,hsa57172,2.76775951750422,-2.26084192426539,2.00974699542717,-4.8685320413899,-5.90130331551699
CAMK2A,hsa815,4.88854821033079,-11.2637826843186,3.53514299722622,-3.52412639236941,-3.46600136232332
CAMK2B,hsa816,3.828751566088,-3.6607797012481,0.891960510669916,-1.69887755899647,-5.30839336833389
CAMK2D,hsa817,4.54445171346748,-0.802429052524755,0.940632895141333,0.237766034287155,-5.34044861311543
CAMK2G,hsa818,2.76775951750422,1.33998793003514,-2.63189697529362,-6.80993206473072,-22.3075362547927
CAMK4,hsa814,4.88854821033079,-12.4934919228387,4.45187375825732,-7.96161216000556,-3.6269500738838
CAMKK1,hsa84254,4.61911949644391,-6.37856071665627,2.38483109026572,-5.85279411893765,-7.72015825368097
CAMKK2,hsa10645,3.84794230459442,-8.45941264748945,-0.0321203012861199,-3.42487924974763,-8.92749775293549
CAMKV,hsa79012,2.76775951750422,-3.4572404903113,-2.42401207039312,-5.14587490186716,-27.8719232562771
CASK,hsa8573,3.828751566088,-5.50585855185638,-1.27532064710111,-8.90979193140521,-7.56660690630085
CCL2,,1.1930392399277,-6.46677664723883,0.162337738932589,-1.23076441193993,1.76853044548247
CCRK,,2.76775951750422,-0.573350879065574,1.91610618915517,-4.03650345995813,-10.5197243521195
CDC2,,4.54445171346748,-1.43825792514873,-3.1584962931359,-6.69580547764432,-7.92661196307819
CDC2L1,,-21.0885007398882,-6.56405176984353,-2.25646563395467,-14.7277656542099,-46.2395785161019
CDC2L5,,4.88854821033079,-7.94912498110516,2.6803378620981,-4.91084069475571,-8.29648017209601
CDC2L6,,3.84794230459442,-8.16034226693412,-1.56532934934396,-3.42487924974763,-8.40138824592651
CDC42BPA,hsa8476,4.88854821033079,-3.92085107945488,1.85643766550473,-2.13741208998312,-7.02973759684771
CDC42BPB,hsa9578,2.76775951750422,-2.77424295638339,0.76822500769741,-7.08727492520798,-16.1708622608099
CDC42BPG,hsa55561,3.828751566088,-8.23279239434635,-0.908744091522121,-6.41370618710988,-0.843747841662464
CDC7,hsa8317,4.54445171346748,-7.4446192796549,-0.415711935384243,-3.64503401239447,1.42253554813762
CDK10,hsa8558,3.828751566088,-9.4852081348341,-3.26029739216708,-6.9683919080644,-9.29691763685147
CDK2,hsa1017,1.60754890861832,-8.52622126255715,0.694377251947678,-3.05063279381961,-2.98382771529464
CDK3,hsa1018,4.54445171346748,-8.83320380565378,1.81546257845864,-3.36769115191721,-7.20951596268547
CDK4,hsa1019,3.84794230459442,-10.5785847264886,-0.163495227267219,-5.36627927308844,-7.87819285207949
CDK5,hsa1020,1.60754890861832,-2.97698626931308,-7.06195207844307,0.554824392384758,3.70294117864564
CDK6,hsa1021,2.76775951750422,-4.37853925107494,0.648887960396516,-4.8685320413899,-24.9694665469664
CDK7,hsa1022,4.88854821033079,-2.40344812012819,2.85766507496421,-4.35615497380119,-6.29807103064519
CDK8,hsa1024,3.84794230459442,-8.20517005174653,-1.68547663847911,-2.59285066831585,-4.8858469598499
CDK9,hsa1025,3.84794230459442,-12.5014977204396,1.17641326890654,-3.42487924974763,-4.38955107211327
CDKL1,hsa8814,2.76775951750422,1.90903159635633,-7.86409149434529,-10.6927321114123,-22.3052946292835
CDKL2,hsa8999,4.88854821033079,-3.43067154213266,2.26873501030181,-3.80146925284667,-7.12926576945614
CDKL3,hsa51265,2.76775951750422,-4.07338259164168,-6.65081222198063,-4.31384632043538,-19.4337723519998
CDKL4,hsa344387,3.828751566088,-0.128677980738311,-0.206843165399316,-2.53090614042825,-5.95980974130708
CDKL5,hsa6792,4.61911949644391,-12.8426336515474,-3.38061830455242,-5.02076553750587,-5.85221171686554
CERK,,1.1930392399277,-3.17115026990139,-5.75902533456091,-2.06279299337171,-7.04374775628021
CHEK1,hsa1111,4.88854821033079,-4.38378281441592,1.13532243302698,-6.297554997142,-9.53318496552103
CHEK2,hsa11200,4.61911949644391,-0.365902404387947,3.3539960728558,-2.8020226536878,0.375023947688972
CHKA,,4.61911949644391,-1.09356386177387,-2.69272298727869,-2.8020226536878,-5.88493944929984
CHUK,hsa1147,4.88854821033079,-8.21654671149527,2.82259317842476,-6.85224071809652,-7.48725336327521
CIT,hsa11113,4.54445171346748,-4.96546721379127,2.24940495511339,-3.36769115191721,-4.74507287787221
CKM,,4.61911949644391,-10.3059194327575,-0.882758478409564,-3.07936551416506,1.23423900536491
CKMT1,,4.61911949644391,-9.45524491574277,0.8963010919248,-8.62622272371024,-8.55471543075572
CKMT2,,4.61911949644391,-2.95332000798392,2.08018016058973,-1.4153083513015,-6.00553890169474
CLK1,hsa1195,-21.1631685228646,-12.4052174703438,-4.22905725384005,-13.9067198500531,-45.4767533553215
CLK2,hsa1196,3.828751566088,4.58945222296,-1.47961733816423,-5.02699188472358,-8.59416803971762
CLK3,hsa1198,3.828751566088,-4.14910994614203,0.716601027972684,-0.312163256610178,-7.38525940260666
CLK4,hsa57396,-21.8788686702441,-12.6452275370184,0.0076394230085938,-13.9019634199959,-46.4991587500671
CMPK,,4.61911949644391,-3.29511138450931,-5.24683674648482,-3.35670837464231,0.0569372879336564
COASY,,1.1930392399277,-7.77773770877924,-0.484813988961975,-2.06279299337171,-5.19149259802917
COL4A3BP,,4.61911949644391,-10.491082763236,-2.52280369975424,-5.57545125846039,-8.29535935934141
CRK7,,2.76775951750422,-0.425664981216201,1.2893262559502,-3.75916059948087,-8.98645250382742
CRKL,,4.61911949644391,-8.58560929914676,1.97056601529977,-7.5168512818012,-6.47740107138111
CSF1R,hsa1436,4.88854821033079,-2.29085196088655,2.70267738695656,-2.69209781093764,-7.86676056198258
CSK,hsa1445,4.88854821033079,-2.07006049020732,1.07779526279561,-4.35615497380119,-7.33011541508036
CSNK1A1,hsa1452,3.828751566088,-6.68942911472882,-1.28377031194394,-3.08559186138277,-4.66213273403184
CSNK1A1L,hsa122011,2.76775951750422,0.701232961796772,0.668565262085316,-3.48181773900361,-16.486707295056
CSNK1D,hsa1453,4.61911949644391,-13.4745766691955,0.655543518320674,-5.85279411893765,-7.47088949705806
CSNK1E,hsa1454,4.61911949644391,-2.00638864963824,-3.22586211421168,4.40889171872094,-3.52428362556249
CSNK1G1,hsa53944,2.76775951750422,-1.69079168105285,2.0074320187579,-7.36461778568524,-19.5770122220376
CSNK1G2,hsa1455,2.76775951750422,-0.127788447671538,1.98023104289397,-9.86070352998057,-17.0143859399214
CSNK1G3,hsa1456,1.1930392399277,-6.46342919385597,1.11633962433896,-5.94559304005334,-0.32133701674366
CSNK2A1,hsa1457,4.54445171346748,-8.0311961108975,-1.79277580709978,-5.30909117525803,-3.85268176266013
CSNK2A2,hsa1459,3.828751566088,-5.09142977779943,-1.8560325445876,-2.53090614042825,-3.9999565586145
DAPK1,hsa1612,3.84794230459442,-10.9881678862082,-2.33123938037211,-2.31550780783859,-4.61035118476935
DAPK2,hsa23604,4.54445171346748,-9.04100341180514,-3.58861895828636,-3.09034829143996,-4.35973745284092
DAPK3,hsa1613,3.84794230459442,-5.68250109190574,2.24384901110715,-5.08893641261118,-6.72487652759667
DCAMKL1,,1.1930392399277,-1.4899093649339,0.797451588146948,0.43329275092362,-5.34325064500193
DCAMKL2,,-21.1631685228646,-8.81913513793981,-1.20754970510821,-13.9067198500531,-45.4767533553215
DCAMKL3,,3.828751566088,-3.2643990849407,0.863139051137505,-2.53090614042825,-3.89751427284411
DDR1,hsa780,3.828751566088,1.1771565612857,2.23730920201646,-2.25356327995099,-8.56973432166735
DDR2,hsa4921,2.76775951750422,-0.554670684663323,1.19857917051479,-2.92713201804909,-7.86003568545498
DGKA,,-21.0885007398882,-13.9430094639116,-2.20125344039257,-14.7277656542099,-46.2395785161019
DGKB,,4.61911949644391,-8.66709520981623,1.99556776332789,-4.74342267702861,-9.40406733619117
DGKD,,1.1930392399277,0.693964540290633,-2.30832111134633,-2.34013585384897,-5.23654927076406
DGKE,,1.1930392399277,-4.02809833591342,0.384344001515639,-0.676078690985417,-1.54840282047913
DGKG,,4.61911949644391,-8.31385694724735,1.78108517491998,-2.52467979321054,-6.6237792171318
DGKH,,-21.0885007398882,-6.5585741188534,2.43969603732743,-14.7277656542099,-46.2395785161019
DGKI,,1.1930392399277,-1.02786716303964,0.563638944550627,-2.61747871432623,-5.51921824747404
DGKQ,,-21.0885007398882,-8.52498059801665,-0.697328847201,-14.7277656542099,-46.2395785161019
DGKZ,,1.1930392399277,1.22450078832649,0.0332777896207627,-4.28153587718979,-9.23314339111476
DGUOK,,-21.0885007398882,-12.1235632108853,1.42122205168188,-14.7277656542099,-46.2395785161019
DLG1,,4.61911949644391,-4.99882470379529,0.914473658778569,-3.35670837464231,-2.92218301379167
DLG2,,4.61911949644391,-0.106018296300493,-0.638644188634989,1.08077739299383,4.84146277476776
DLG3,,4.61911949644391,-6.31369502907653,2.84747917761943,-5.57545125846039,-8.19448621142745
DLG4,,4.61911949644391,-5.77398254519395,3.91364168265194,-3.07936551416506,-8.74323613607934
DMPK,hsa1760,2.76775951750422,-2.23691816652216,-3.69088305265139,-8.75133208807153,-21.0824879140155
DTYMK,,4.61911949644391,-8.22361615849963,-0.196367895970867,-8.07153700275572,-8.20009027520045
DYRK1A,hsa1859,3.828751566088,-7.93945716119522,1.57244790260198,-4.74964902424632,-7.31913145008529
DYRK1B,hsa9149,4.88854821033079,0.443198146137611,0.92813202112726,-4.91084069475571,-10.8907133738919
DYRK2,hsa8445,4.88854821033079,-3.98166705070431,4.0378401809583,-2.13741208998312,-6.76993320033156
DYRK3,hsa8444,2.76775951750422,-1.61373002695233,-0.62052949619796,-2.64978915757183,-9.89341418484929
DYRK4,hsa8798,4.54445171346748,-10.0483527923967,3.09622342073255,-4.47706259382625,-6.55339217614295
EEF2K,hsa29904,4.88854821033079,0.817317027010759,4.43995162841058,-1.86006922950586,-8.17498406949742
EGFR,hsa1956,2.76775951750422,-2.59907516852369,1.62488212416095,-2.92713201804909,-12.9243160358371
EIF2AK1,hsa27102,4.54445171346748,-4.24208956038481,1.16946833889872,-5.30909117525803,-5.58725158167823
EIF2AK2,hsa5610,4.88854821033079,1.50881194260285,1.07860550462985,-4.07881211332393,-4.25864014237604
EIF2AK3,hsa9451,3.828751566088,-0.151056759997148,-0.869505236977989,-4.47230616376907,-8.1893304727563
EIF2AK4,hsa440275,3.828751566088,-12.2178771247283,3.95467464411477,-4.19496330329181,-3.73253063536707
EPHA1,hsa2041,4.54445171346748,3.8377967815361,-2.54815269428274,-5.58643403573529,-7.6224233814799
EPHA10,hsa284656,1.1930392399277,-8.15920694183573,0.401937824202086,-5.11356445862156,-7.74403156535394
EPHA2,hsa1969,4.88854821033079,-7.32579638894584,0.106894047703561,-5.74286927618749,-7.72060657878281
EPHA3,hsa2042,1.60754890861832,-0.596970322864911,-1.13943151661494,-0.27720418904702,-3.45725902283745
EPHA4,hsa2043,3.828751566088,-9.37883870705988,1.05180964968305,-5.02699188472358,-8.89095925713555
EPHA5,hsa2044,3.828751566088,-3.78767861585287,-0.583026874155766,-2.25356327995099,-1.57967349633245
EPHA7,hsa2045,4.54445171346748,-12.2588658720946,2.20356841706184,-4.47706259382625,-6.47740107138111
EPHA8,hsa2046,3.828751566088,-8.72105241294554,-0.389031829270898,-3.08559186138277,-6.4007374789665
EPHB1,hsa2047,3.84794230459442,-5.18471370598611,-2.04939097088842,-7.30767929642925,-10.1276640505606
EPHB2,hsa2048,4.54445171346748,-5.09650947978601,2.30149193017199,-2.8130054309627,4.54086079398419
EPHB3,hsa2049,2.76775951750422,1.35319047344726,-1.00574161396457,-5.97790348329894,-10.4728743789772
EPHB4,hsa2050,4.54445171346748,-6.48895645199589,-0.573593344228494,-3.09034829143996,-3.40637412377863
EPHB6,hsa2051,4.88854821033079,-7.14695342499447,3.5285453137188,-0.196012066642303,0.94977672824757
ERBB2,hsa2064,3.84794230459442,-1.10758571195801,1.52933146213682,-2.03816494736133,-3.51240301036374
ERBB3,hsa2065,3.828751566088,-0.279992237149526,1.3188422084834,-3.36293472186003,-1.11341539041909
ERBB4,hsa2066,2.76775951750422,-0.824503517839695,0.575155953480251,-3.75916059948087,-21.2122780309982
ERN1,hsa2081,1.1930392399277,0.374668986848653,0.494305393305987,-2.61747871432623,-2.63895363070439
ERN2,hsa10595,4.88854821033079,-5.64715385688393,4.21956584949603,-6.57489785761926,-8.08800899974051
ETNK1,,1.60754890861832,-0.6474864375517,-2.96073941116348,-2.77328993334235,-14.4145486743525
ETNK2,,1.60754890861832,-4.37439589968496,-0.887677803831771,-2.77328993334235,4.71144849523422
EXOSC10,,1.60754890861832,-1.54942614973055,0.184387891707389,-0.831889910001538,-3.13827571287845
FER,hsa2241,4.88854821033079,-3.48814005999923,2.05540991022853,-3.52412639236941,-11.352039903685
FES,hsa2242,3.84794230459442,-1.86881533823219,1.8556274236705,-3.14753638927037,-7.21960327747686
FGFR2,hsa2263,3.828751566088,-8.45679086581896,3.79899246310632,-7.24573476854166,-4.440660133723
FGFR3,hsa2261,3.828751566088,-8.97719111864657,1.981735777729,-1.42153469851922,-7.91069642196288
FGFR4,hsa2264,3.828751566088,-7.0208269996319,0.664977048247946,-3.64027758233729,-0.548749924651889
FGFRL1,,1.60754890861832,5.75186126234918,3.42003078234675,3.60559585763461,-8.75489258872718
FGR,hsa2268,4.88854821033079,-5.60131949518017,0.625796068120541,-6.85224071809652,-8.48163843915583
FLJ25006,,4.54445171346748,-8.96445675053276,1.40490146616353,-3.64503401239447,2.29026878274851
FLJ32685,,1.60754890861832,-6.23576725067415,-1.53471378289287,-2.21860421238783,-5.66144938603271
FLT1,hsa2321,2.76775951750422,-4.72784484113808,-4.77093541769953,-4.8685320413899,-26.613026370311
FLT3,hsa2322,2.76775951750422,-2.99023563025503,2.41498366138297,-2.37244629709457,-9.06199528348742
FLT4,hsa2324,4.88854821033079,-8.77536074754857,-0.321376636111483,-5.18818355523297,-8.55023217973732
FN3K,,1.1930392399277,2.66601253179842,-0.195673402970092,-1.78545013289445,-4.41364854633715
FRAP1,,3.84794230459442,-5.06905099854059,3.45307707430059,-5.36627927308844,-4.28553964848643
FRK,hsa2444,4.54445171346748,-6.70721977606429,1.13127122385575,-1.70363398905366,-3.86635567826624
FUK,,4.61911949644391,0.6290403307986,-4.24086363485333,-3.91139409559683,-8.29087610832301
FXN,,4.61911949644391,-2.06615122646649,-3.29160745161897,-4.18873695607409,-4.66527100974473
FYN,hsa2534,3.84794230459442,11.104298768952,-0.119163424050687,-7.30767929642925,-7.06156867907834
GAK,hsa2580,4.54445171346748,-10.5411775201543,-1.15580997655002,-8.08251978003062,-7.41574550953176
GALK2,,4.61911949644391,-12.3148128202417,-3.09020448139244,-6.40747983989217,-7.15907938872849
GCK,,4.61911949644391,-5.35503587950839,1.11182541983389,-6.40747983989217,-9.3659597025348
GK2,,4.61911949644391,-4.34293451963907,0.544077391695295,-1.4153083513015,-1.049304900856
GNE,,4.61911949644391,-9.51985310690845,1.10279701082373,-4.46607981655135,-4.92911033217743
GRK1,hsa6011,3.84794230459442,2.20147729644069,-4.30001128875318,-5.08893641261118,-9.06490939664939
GRK4,hsa2868,3.84794230459442,-1.8372135055968,-3.71883639593283,-8.41705073833829,-7.06784523050409
GRK5,hsa2869,2.76775951750422,0.349492860182461,1.42220591676631,-5.14587490186716,-17.7142214238933
GRK6,hsa2870,3.828751566088,0.324211394074152,0.203833695729267,-3.36293472186003,-5.20303696940154
GRK7,hsa131890,3.84794230459442,-7.41027862152444,-0.443838901915879,-1.48347922640681,-1.14950556111719
GSG2,,3.84794230459442,-9.06841507552072,-1.64149208176296,-2.31550780783859,-3.54087165433057
GSK3A,hsa2931,4.88854821033079,-8.66253050065778,1.55329147066376,-2.96944067141489,-7.98399757611368
GSK3B,hsa2932,-22.9398607188279,-4.72676803795198,-1.89550289679868,-13.4661607161849,-63.4879901591837
GUCY2C,hsa2984,2.76775951750422,-2.98169143106102,-0.400143717283408,-7.08727492520798,-18.3329100644322
GUCY2D,hsa3000,4.54445171346748,-4.57641354090229,0.751152054761544,-2.25831971000818,-4.38686112150222
GUCY2F,hsa2986,4.54445171346748,-1.66471431693742,1.21889309078764,-1.70363398905366,-0.0777844051692033
HCK,hsa3055,1.60754890861832,-6.2465352825351,0.987569047110786,-2.49594707286509,9.49036991829533
HIPK1,hsa204851,1.1930392399277,6.09328980301839,1.36844058362252,-4.55887873766704,-11.4731997624572
HIPK2,hsa28996,2.76775951750422,-2.4605186889912,-0.300020976337459,-5.70056062282168,-22.060509123679
HIPK3,hsa10114,2.76775951750422,-2.51145616144646,2.003959553754,-0.431046273753757,-0.934757837335938
HIPK4,hsa147746,2.76775951750422,-1.11842397011371,2.17063787394147,-5.14587490186716,-20.4451937817503
HK1,,4.61911949644391,-6.87840807388843,1.74346680404433,-6.40747983989217,-6.67981985486177
HK2,,-21.0885007398882,-11.9856387680056,0.164305469101475,-14.7277656542099,-46.2395785161019
HK3,,4.61911949644391,-5.96125266451476,2.29801946516807,-4.46607981655135,-4.47383619125914
HSPB8,hsa26353,-20.8190720260013,-3.21786246028947,1.23857039247644,-13.5084693695507,-47.4652993445319
HUNK,hsa30811,2.76775951750422,-0.849012494705806,1.56087301925562,-3.48181773900361,-6.44400085129404
Hi GC Neg,,-22.9398607188279,-1.78903826740153,-5.9388411473465,-13.4661607161849,-63.4879901591837
ICK,hsa22858,2.76775951750422,1.8564321015921,0.671690480588831,-2.92713201804909,-6.61436438999316
IGF1R,hsa3480,3.84794230459442,-13.4556155696142,-1.71198312134224,-5.6436221335657,-8.17789818265938
IGF2R,,4.61911949644391,-0.191273018121292,-1.88583786920446,-5.29810839798313,1.8224415389787
IHPK1,,1.1930392399277,-6.57937280648047,-0.595006878419245,-2.06279299337171,0.101657716842174
IHPK3,,4.61911949644391,-2.9396492892735,-3.6646659418719,-1.69265121177876,-6.71165093709239
IKBKB,hsa3551,3.828751566088,-3.20187427385246,0.068060314076556,-6.13636332663262,-5.50543225059247
IKBKE,hsa9641,-22.9398607188279,-8.23770823497853,3.75014645538471,-13.4661607161849,-63.4879901591837
ILK,hsa3611,1.1930392399277,0.930673971112137,2.82618139226214,1.82000705330992,-0.748142513695128
INSR,hsa3643,4.54445171346748,-0.956505543195951,0.415133191216935,-4.19971973334899,-6.80310925786771
INSRR,hsa3645,4.54445171346748,-5.14271838172842,-1.50861242094683,-3.92237687287173,-7.06381030458754
IPMK,,4.61911949644391,-0.0678854182537935,-0.849075567871674,-3.63405123511957,-6.15931441162579
IRAK1,hsa3654,3.828751566088,6.1276421655313,0.671343234088443,-0.312163256610178,-2.6621544547246
IRAK2,hsa3656,4.88854821033079,1.27121297871457,2.0907133044349,-4.35615497380119,-6.99723402696433
IRAK3,hsa11213,3.84794230459442,-5.87536590604125,0.0175359482697334,-3.42487924974763,-10.1355097398428
IRAK4,hsa51135,1.1930392399277,-0.521863300634809,1.28579591652955,-4.28153587718979,0.566570847450023
ITK,hsa3702,3.84794230459442,-9.01579217199157,-0.229356313507969,-3.14753638927037,-10.4392499963392
ITPK1,,4.61911949644391,-2.73018766081317,0.68008227101494,-2.8020226536878,-2.21293270268114
ITPKA,,4.61911949644391,-12.3425287979012,-1.50513995594293,-5.57545125846039,-5.55138557353105
ITPKB,,4.61911949644391,-3.80219205010023,0.0846702716785674,-3.91139409559683,-5.75044191874791
ITPKC,,1.1930392399277,-4.14884074534551,0.319987650109919,-0.953421551462676,0.555362719904024
JAK1,hsa3716,2.76775951750422,0.417776227439811,0.829340391766147,-5.97790348329894,-17.2013375073886
JAK2,hsa3717,3.84794230459442,0.959408230045424,-0.197988379639352,-2.87019352879311,-4.47742279207386
JAK3,hsa3718,4.54445171346748,3.42510025608287,-0.183172528956019,-2.53566257048544,-2.04279332653295
KALRN,hsa8997,3.84794230459442,-1.91291745133224,-0.537595457021331,-1.20613636592955,-3.09523650310183
KDR,hsa3791,4.88854821033079,-0.641681063852755,-1.85562742367048,0.636016514789475,-7.05506796510166
KHK,,4.61911949644391,-10.1995031874535,4.77168778511705,-5.85279411893765,-7.08241579631389
KIAA0999,,4.54445171346748,-5.1075115992961,-0.0130217437646418,-3.09034829143996,-6.22566652669807
KIAA1804,,4.88854821033079,-9.73722689791008,3.76733515715404,-2.96944067141489,-4.65249374434229
KIT,hsa3815,2.76775951750422,-0.245253630015515,0.567632279305124,-1.54041771566279,-7.4984614908212
KSR,,1.1930392399277,-9.32025827285984,0.692698893862467,-0.121392970030898,-2.73534352759994
KSR2,hsa283455,2.76775951750422,-3.72669878324903,2.71720386555623,-3.20447487852635,-9.32695541867474
LATS1,hsa9113,2.76775951750422,-2.69928809112524,1.14857567445855,-2.64978915757183,-10.6313573024776
LATS2,hsa26524,2.76775951750422,-1.75352717102532,3.79551999810242,-1.81776057614005,-7.40745149514773
LCK,hsa3932,4.54445171346748,-0.404433231438204,-0.418952902721225,-3.64503401239447,-6.73406719218438
LIMK1,hsa3984,3.828751566088,-3.30995254146548,-3.62143375257327,-3.64027758233729,-7.68653387104299
LIMK2,hsa3985,1.1930392399277,-6.00241697761797,0.751152054761544,-2.06279299337171,4.4266499742905
LMTK2,hsa22853,3.828751566088,-4.37973309808561,-0.0592634027333193,-0.312163256610178,2.59916477791612
LMTK3,hsa114783,3.828751566088,-4.4155250996408,-0.269579033136538,-1.42153469851922,-5.00711889989755
LRRK1,hsa79705,4.54445171346748,-8.92157189320829,-4.93026368696207,-3.09034829143996,-7.35880822159811
LRRK2,hsa120892,3.828751566088,-9.44342348946064,1.29673418129187,-8.07776334997344,-5.5182095159949
LTK,hsa4058,3.828751566088,-7.33583874909442,-0.149200246334481,-2.25356327995099,-6.03961160943456
LYK5,,3.84794230459442,-6.14707144041084,1.12120107534443,-6.47565071499748,-6.75715593492913
LYN,hsa4067,4.54445171346748,-1.13555918603156,-0.806248499490172,-5.58643403573529,-2.55096982946833
Lo GC Neg,,-22.9398607188279,-1.58896355367216,-6.2025169899764,-13.4661607161849,-63.4879901591837
MAGI3,,4.61911949644391,1.30719225038908,-0.101685350197706,-3.07936551416506,-6.68968300710224
MAK,hsa4117,3.84794230459442,-1.70734167784782,0.225999597337534,-2.03816494736133,-5.93335856029854
MAP2K1,hsa5604,3.828751566088,0.296940182948059,-0.486492347047187,-4.47230616376907,-8.40833728500503
MAP2K2,hsa5605,3.84794230459442,-6.39499366962667,-1.09805130865172,-5.08893641261118,-8.34355430778918
MAP2K3,hsa5606,4.61911949644391,-6.69162953863083,2.02438922286031,-3.07936551416506,-7.00507971624653
MAP2K4,hsa6416,3.828751566088,-2.43153863802631,-2.54207588052591,-3.91762044281455,0.657244599297119
MAP2K5,hsa5607,2.76775951750422,-0.28795121722066,1.48621502167165,-4.8685320413899,-7.31263073610862
MAP2K6,hsa5608,2.76775951750422,-0.86261298712148,-1.40576958241451,-6.80993206473072,-12.566552604569
MAP2K7,hsa5609,1.1930392399277,-0.474015785148342,0.0295738269499263,-0.676078690985417,3.00568356400934
MAP3K1,hsa4214,4.61911949644391,-3.13934946276422,2.68531506193703,-5.29810839798313,-8.05864370557
MAP3K10,hsa4294,4.88854821033079,3.2096928013341,-3.24403468106547,-5.74286927618749,-8.76856650433329
MAP3K11,hsa4296,4.88854821033079,-4.77702665622471,3.49509390084783,-2.96944067141489,1.30126360808996
MAP3K12,hsa7786,1.1930392399277,4.45654896015451,-1.78918759326243,-1.78545013289445,-8.41764003086821
MAP3K13,hsa9175,1.1930392399277,-5.91016303508755,0.757402491768574,-2.06279299337171,-1.96982841620852
MAP3K14,hsa9020,1.1930392399277,-10.6396698985346,1.89880173855239,-4.28153587718979,21.7268431666348
MAP3K15,hsa389840,3.84794230459442,-14.5975419397027,0.425782083895577,-5.36627927308844,-8.80308753717496
MAP3K2,hsa10746,2.76775951750422,-2.42154309540756,-3.71125484734098,-7.36461778568524,-21.139873527051
MAP3K3,hsa4215,2.76775951750422,-1.41695594907599,-0.549691210118276,-2.37244629709457,-15.1784946478875
MAP3K4,hsa4216,3.828751566088,-9.62832932352503,1.87061689760402,-3.91762044281455,-1.87265395038475
MAP3K5,hsa4217,3.84794230459442,-0.330929709604786,-0.720362865060235,-2.03816494736133,-5.02012032785091
MAP3K6,hsa9064,4.88854821033079,-10.5579616045984,1.13948939103165,-4.91084069475571,-9.53923735439587
MAP3K7,hsa6885,4.54445171346748,-8.11038796260529,-1.08960164380888,-5.58643403573529,-6.75715593492913
MAP3K8,hsa1326,1.60754890861832,2.47557052483161,-1.14984891162665,-3.88266137525139,-4.12055601100939
MAP3K9,hsa4293,3.828751566088,-9.08772730657568,3.00136725170918,-4.19496330329181,-8.58475321257898
MAP4K1,hsa11184,4.88854821033079,-9.90331208498272,3.2007446173501,-4.63349783427845,-6.99342326359869
MAP4K2,hsa5871,1.60754890861832,8.68474541856221,-2.30027656742062,-0.27720418904702,-7.79682184609557
MAP4K3,hsa8491,3.84794230459442,-5.20816928843104,-0.974778801013065,-5.36627927308844,-9.88018859434502
MAP4K4,hsa9448,3.84794230459442,-9.03072696400741,3.13962923328136,-1.76082208688407,-9.29355519858767
MAP4K5,hsa11183,4.61911949644391,-7.98255269740392,-1.20766545394168,1.63546311394835,-6.84839009315352
MAPK1,hsa5594,4.61911949644391,-3.01689821349333,0.279591307231144,-6.13013697941491,-7.67936066941355
MAPK10,hsa5602,-21.0885007398882,-7.69219037739701,-5.64698046376821,-14.7277656542099,-46.2395785161019
MAPK11,hsa5600,1.60754890861832,-3.79973412978415,-2.11010123404005,-1.66391849143332,-5.25750846927507
MAPK12,hsa6300,2.76775951750422,-1.19227862342085,2.56210042871511,-4.03650345995813,-14.0260749736084
MAPK13,hsa5603,3.84794230459442,-10.6835730371329,0.932646225632351,-7.030336435952,-9.14426293967502
MAPK14,hsa1432,3.84794230459442,0.805144469254906,0.11175549870904,-5.08893641261118,-7.19965281044499
MAPK3,hsa5595,4.61911949644391,10.7051091008548,-3.90843298514609,-7.5168512818012,-0.454825815816458
MAPK4,hsa5596,1.1930392399277,-9.97757639167588,0.779394770126646,-4.8362215981443,4.5956685376841
MAPK6,hsa5597,3.84794230459442,-17.5737791285385,0.563175949216785,-4.53425069165666,-3.04816236740865
MAPK7,hsa5598,3.828751566088,-5.83791188217709,3.24478704848298,-2.80824900090551,-7.00440722859377
MAPK8,hsa5599,4.54445171346748,-10.5592022691389,4.60500946492957,-7.5278340590761,-9.8833268700579
MAPK9,hsa5601,2.76775951750422,-0.572227258349649,0.59957895734105,-4.8685320413899,-7.98153178805356
MAPKAPK2,hsa9261,4.61911949644391,0.823801254892242,1.09538908548207,-6.40747983989217,0.794656243011006
MAPKAPK3,hsa7867,2.76775951750422,-4.39916237296514,0.479431668205914,-3.75916059948087,-7.64685709953017
MAPKAPK5,hsa8550,1.1930392399277,-3.29692556379023,-0.291976432411738,-3.44950729575801,2.68019954007365
MARK1,hsa4139,4.88854821033079,-13.9495873268527,2.34304576138538,-7.6842692995283,-7.88872849197272
MARK2,hsa2011,4.54445171346748,-6.05661997277888,1.51000140694841,-1.14894826809914,-6.8887393523191
MARK3,hsa4140,3.828751566088,-7.6895451869616,2.68190047134986,-3.91762044281455,-6.39065016417511
MARK4,hsa57787,4.88854821033079,-9.04816649386916,0.08304978801007,-6.02021213666475,-4.77040324612615
MASK,,4.88854821033079,-7.52250024052744,2.05159019872424,-2.96944067141489,0.962553993650007
MAST1,hsa22983,4.54445171346748,0.615510064677671,-2.49583422155723,-6.97314833812158,-7.14428466036778
MAST2,hsa23139,4.61911949644391,-5.22364248203992,0.692814642695921,-8.34887986323298,-8.79277605983264
MAST3,hsa23031,3.828751566088,7.19250688151926,-3.55985537317068,-5.02699188472358,-8.56413025789435
MAST4,hsa375449,3.828751566088,-2.00072372852879,-0.389263326937832,-2.53090614042825,-0.875578923893088
MASTL,hsa84930,3.84794230459442,6.45110447912817,-2.53796679693796,-5.36627927308844,-5.57895756729419
MATK,hsa4145,1.60754890861832,-2.66356631586479,-0.484524616878315,-0.27720418904702,-6.58029168225334
MELK,hsa9833,3.84794230459442,-10.550353756001,2.78532205404951,-9.80376504072459,-8.77148061749525
MERTK,hsa10461,4.54445171346748,-3.47105166161121,-2.37233021625166,1.34713747619619,-2.21562265329218
MET,hsa4233,3.828751566088,-3.53612802807519,1.07715864421156,-4.74964902424632,-7.87460625126477
MGC16169,,4.54445171346748,-5.45604470011705,0.769903365782634,-8.08251978003062,-8.08711234953683
MGC42105,,4.54445171346748,-5.88433146300374,-0.222295634666697,-4.75440545430351,-3.64174480224452
MINK1,hsa50488,4.54445171346748,-11.0773318717698,0.764926165943701,-5.86377689621255,-5.42540621991407
MKNK1,hsa8569,3.84794230459442,-1.38931019771126,-1.66556783912337,-1.48347922640681,-4.684100664022
MKNK2,hsa2872,3.828751566088,-6.01286899115256,0.895085729173431,-5.02699188472358,-6.77777888961376
MLCK,,2.76775951750422,-2.76583920977887,2.46035720410066,-1.81776057614005,-2.7827539071195
MLKL,hsa197259,3.828751566088,-10.1364633835371,4.49603193822367,-5.5816776056781,-7.54082821294506
MOS,hsa4342,3.84794230459442,-2.14473445028649,-4.66323112816172,-3.70222211022489,-9.06244360858927
MPP1,,4.61911949644391,-2.69886673335676,-2.04198304554676,-5.02076553750587,-7.75086852315699
MPP2,,4.61911949644391,5.52240854865136,4.78685088230077,-8.34887986323298,-9.42962186699605
MPP3,,4.61911949644391,-4.32137504715226,0.442102669413927,-5.02076553750587,-10.2818878855935
MST1R,hsa4486,3.828751566088,-9.39758912775688,0.943237243894266,-8.07776334997344,-7.09183062345252
MULK,,1.60754890861832,-5.89069864706065,-0.721115232477763,-3.60531851477413,-3.71616676914992
MUSK,hsa4593,2.76775951750422,-2.31955110667246,-4.97037065775719,-6.80993206473072,-21.8874556343689
MVK,,4.61911949644391,-7.85113589117054,1.73987859020696,-1.96999407225602,-7.31778647477977
MYLK,hsa4638,3.828751566088,-5.24723851707434,2.02653057627939,-1.97622041947373,-6.24158206781339
MYLK2,hsa85366,4.88854821033079,-4.95322442974067,3.39149869489798,-3.52412639236941,-7.42471201156856
MYO3A,hsa53904,2.76775951750422,-0.464359669620863,0.763479305525397,-2.92713201804909,-15.4470413838895
MYO3B,hsa140469,3.84794230459442,1.60455379110561,3.14055522394907,-7.86236501738377,-9.96514620114366
Med GC Neg,,-22.9398607188279,-0.532760080702789,-4.81237350007948,-13.4661607161849,-63.4879901591837
NADK,,1.1930392399277,2.31511514572105,-0.813540675998378,-6.2229359005306,-18.2290107220808
NAGK,,1.60754890861832,-8.00830233881053,1.92131488666103,-2.77328993334235,-5.92147794509978
NAGS,,4.61911949644391,-8.11109022555274,4.07950976100518,-9.18090844466476,-9.04607974237212
NEK1,hsa4750,3.84794230459442,-8.06539631643846,1.44483481370845,-2.59285066831585,-4.2321889613675
NEK11,hsa79858,1.60754890861832,-6.12132179900422,-1.53691301072867,-1.66391849143332,1.82423483938605
NEK2,hsa4751,3.84794230459442,-7.78924311673502,1.93919808143116,-2.03816494736133,-5.99567574945427
NEK3,hsa4752,-21.1631685228646,-11.8852151665198,-0.247991875695593,-13.9067198500531,-45.4767533553215
NEK4,hsa6787,4.54445171346748,-1.28865250857632,0.0976341410264822,-5.30909117525803,-7.94521745480454
NEK5,hsa341676,-21.8788686702441,-3.6217104726048,0.986180061109235,-13.9019634199959,-46.4991587500671
NEK6,hsa10783,3.828751566088,2.07792583521879,-0.0174780738529936,-7.80042048949618,-8.05819538046817
NEK7,hsa140609,-21.1631685228646,-9.28433752309762,1.1971323100965,-13.9067198500531,-45.4767533553215
NEK8,hsa284086,4.88854821033079,-2.1201084295958,0.673600336340976,-3.52412639236941,-7.54441481375977
NEK9,hsa91754,4.54445171346748,-9.02026324609036,1.3015377578806,-3.09034829143996,-2.22279585492162
NLK,hsa51701,4.88854821033079,-1.21894120665915,2.74041150666566,-4.07881211332393,-11.8871159127308
NME2,,4.61911949644391,-0.856128759239997,1.10360725265797,0.248748811562054,-4.0338051038034
NME5,,1.1930392399277,-7.27980987027013,2.63924702621855,-0.121392970030898,-1.02296580112291
NME6,,4.61911949644391,-6.52421005195803,-1.83768635448364,-4.46607981655135,-4.82039149498129
NME7,,4.61911949644391,-4.1375928338038,2.33505909187641,-1.96999407225602,-6.88896351487003
NPR1,hsa4881,3.84794230459442,-7.10486446567712,2.18250212937148,-6.75299357547474,-6.7298081037169
NPR2,hsa4882,4.54445171346748,-3.85525972016277,2.46909624102717,-6.41846261716707,-6.80624753358059
NRBP,,3.84794230459442,-5.82173642562076,-10.0478668608849,-4.53425069165666,-8.25209598701387
NRBP2,hsa340371,2.76775951750422,3.97197582202946,-6.06674360832369,-7.08727492520798,-17.2694829228682
NRK,hsa203447,4.54445171346748,-5.12195480724872,3.18048857149399,-5.58643403573529,-8.13620394818829
NTRK1,hsa4914,4.54445171346748,-1.34382696748122,-0.513519699660919,0.237766034287155,5.62311758982541
NTRK2,hsa4915,4.88854821033079,0.219457171079074,2.46053082735086,-1.5827263690286,-7.49218493939544
NTRK3,hsa4916,3.84794230459442,-3.33624058446514,1.26033117316759,-6.47565071499748,-8.9996780943317
NoAbr,,3.828751566088,-6.04699897039878,-0.851448418957674,-6.13636332663262,-9.74793268930229
OXSR1,hsa9943,4.88854821033079,-7.74280012714345,2.48634281721323,-1.86006922950586,-4.79954437774574
PACE-1,,3.828751566088,-7.76464050480924,0.716716776806151,-1.97622041947373,-6.81185159735358
PAK1,hsa5058,4.88854821033079,-15.2415872888119,-0.36999114616616,-4.07881211332393,-3.29877609933708
PAK2,hsa5062,4.88854821033079,0.237271241179466,1.8847961297033,-4.07881211332393,-3.73947967444558
PAK3,hsa5063,3.84794230459442,-10.8854736345256,1.12085382884404,-0.928793505452293,-0.790172991992608
PAK4,hsa10298,4.88854821033079,-3.06362210826387,1.2691280845108,-0.750697787596821,-2.10869711650339
PAK6,hsa56924,4.88854821033079,-0.731711173716234,2.40798085695842,-3.24678353189215,-3.99838742075806
PAK7,,-20.8190720260013,2.46365546348983,2.17335797152786,-13.5084693695507,-47.4652993445319
PANK1,,1.60754890861832,-9.32115951030907,0.00937565551054519,-6.93343284050124,-13.372416975126
PANK2,,1.1930392399277,-2.70943579071593,1.21403163978217,-0.953421551462676,-16.0662904308057
PANK3,,1.1930392399277,-11.4848433557943,2.20484165422994,-6.2229359005306,-1.08326552732037
PANK4,,1.60754890861832,-17.023860423153,2.39623235036188,-0.554547049524279,11.2661856466827
PASK,hsa23178,4.54445171346748,4.91062047759519,-0.329016059120064,-3.09034829143996,-6.82171474959406
PBK,hsa55872,4.61911949644391,-5.18492438487035,0.598479343423147,-3.07936551416506,-6.93648597566504
PCTK1,,4.61911949644391,-5.18714821753728,-3.75541302730731,-0.860622630346982,-8.85083416052089
PCTK2,,3.84794230459442,-2.95552043188593,-0.5557680238751,-1.76082208688407,-5.07885091619192
PCTK3,,1.1930392399277,3.53096639541141,0.0175359482697206,-6.2229359005306,-0.433866617305445
PDGFRA,hsa5156,3.828751566088,-0.628853060679279,0.496793993225454,-2.53090614042825,-4.45410988677819
PDGFRB,hsa5159,3.828751566088,2.19567192274175,-3.95282266277935,-3.64027758233729,-7.14854374883525
PDGFRL,,4.61911949644391,7.6715672555068,1.0838142021357,-5.29810839798313,-9.38725514487219
PDIK1L,hsa149420,-21.1631685228646,-9.63661602630497,-1.69323181032115,-13.9067198500531,-45.4767533553215
PDK1,hsa5163,4.88854821033079,1.08581556058697,1.66579933679031,-1.30538350855134,5.72869815130868
PDK2,hsa5164,-21.1631685228646,-9.95017643234275,-0.443491655415491,-13.9067198500531,-45.4767533553215
PDK3,hsa5165,1.60754890861832,-3.22221649056368,-0.287057106989544,0.000138671430239292,9.57017178642282
PDK4,hsa5166,3.828751566088,0.449471695134859,0.211010123404007,-5.85902046615536,-8.55807786901952
PDPK1,hsa5170,2.76775951750422,-2.68947981862581,2.00013984224969,-7.91930350663975,-15.4450239209313
PDXK,,1.1930392399277,-4.9634189468612,1.69867200549396,-0.398735830508157,2.23859931476147
PFKFB1,,4.61911949644391,8.57982733421273,3.21822269120309,-4.18873695607409,6.50362808983874
PFKFB2,,1.60754890861832,-4.18635329112196,-4.68667026693809,-3.88266137525139,-9.12722658580512
PFKFB3,,1.60754890861832,-7.25971344559051,2.84394883819878,-1.94126135191058,6.6475404475293
PFKFB4,,1.60754890861832,-5.31481962138424,0.715559288471496,-4.43734709620591,12.015336891857
PFKL,,1.60754890861832,-7.3102295602773,-0.0848438949287741,-6.37874711954672,-10.4822892061158
PFKM,,1.60754890861832,-5.73929075558977,-1.16316002747496,-2.77328993334235,1.29409040646051
PFKP,,1.60754890861832,-12.0512535360626,1.78577300267525,-5.26937567763768,22.290051575821
PFTK1,,4.88854821033079,-5.97546178481823,1.66892455529382,-2.96944067141489,-3.41444397561174
PGK1,,1.60754890861832,-2.35332995444496,0.73836180866381,-2.21860421238783,12.8649129598433
PGK2,,1.60754890861832,-2.38764720381049,-1.31791621781569,-1.94126135191058,-3.31670910341067
PHKA1,,1.60754890861832,-8.78008931806142,2.78746340746858,-8.87483286384205,-11.214852422522
PHKA2,,1.60754890861832,-5.56917926095173,1.07079245837105,-3.60531851477413,-8.95955299771704
PHKB,,1.60754890861832,-0.560007883063967,-2.64891205381275,-3.60531851477413,-11.1789864143749
PHKG1,hsa5260,2.76775951750422,-6.91534710492446,-4.28536906132006,-4.59118918091264,-19.7249595056447
PHKG2,hsa5261,4.61911949644391,-0.570284330861696,2.75372262251398,-7.23950842132394,-7.66210015299272
PI4K2B,,1.60754890861832,-7.16912152536907,0.805033136738802,0.000138671430239292,10.1749623488047
PI4KII,,1.60754890861832,-6.23052368733317,1.3121287761425,1.10951011333928,-0.380628011461976
PIK3C2A,,1.60754890861832,-6.25311314547624,1.4819323148335,-2.49594707286509,0.476121258153847
PIK3C2B,,1.60754890861832,-10.3985479155266,-0.993240739950507,-2.77328993334235,14.1029627285739
PIK3C2G,,1.60754890861832,-8.21673398161459,-0.601199441009548,-0.554547049524279,0.905840868267272
PIK3C3,,1.60754890861832,-2.71888122735918,0.877028911153116,-1.94126135191058,14.1818679464977
PIK3CA,,1.60754890861832,-6.60473620326598,-0.0162048366848967,-0.554547049524279,7.43905841482743
PIK3CB,,1.60754890861832,-9.29859346093091,-0.276523963144369,-5.54671853811494,25.1375884601563
PIK3CD,,1.60754890861832,-6.26919496697292,-1.67696909921954,-4.16000423572865,-12.440573250952
PIK3CG,,1.60754890861832,-3.04058788358741,-0.476306449702412,-4.43734709620591,-3.57135776125567
PIK3R4,hsa30849,2.76775951750422,-1.28963567670276,1.05921757502471,-10.1380463904578,-26.6289419114264
PIK4CA,,1.60754890861832,2.43624379977424,-0.827256912763808,2.21888155524831,4.63299160241226
PIK4CB,,1.60754890861832,-6.53127949896239,0.463921324521793,-1.66391849143332,0.342296215254673
PIM1,hsa5292,1.60754890861832,-9.64438773625679,-1.1776286316579,-5.8240613985922,12.703515923181
PIM2,hsa11040,4.54445171346748,-7.19419231259314,1.62748647291388,-5.03174831478077,-4.36466902896115
PIM3,hsa415116,2.76775951750422,-11.3418743240754,6.08769414718059,-9.58336066950331,-23.8520162306308
PINK1,hsa65018,2.76775951750422,-1.90097898122554,0.45813388284863,-3.48181773900361,-7.86743304963534
PIP5K1B,,1.1930392399277,-10.4958464468962,-0.760874956772477,-3.17216443528075,1.58471715372816
PIP5K1C,,4.61911949644391,1.41768162078836,-0.0153367204339146,-5.85279411893765,-3.62964002449484
PIP5K2A,,1.60754890861832,-11.9266486804195,-1.6120340036465,-6.65608998002398,-12.3486666050748
PIP5K2B,,1.1930392399277,-7.4620705138991,0.920376849285212,-2.06279299337171,-4.26458044997543
PIP5K2C,,1.1930392399277,-8.6920840663631,-0.879170264572195,-3.44950729575801,-12.2111428800855
PIP5K3,,4.61911949644391,-4.93203949749251,-2.22741267675532,-5.29810839798313,-4.84235942497144
PIP5KL1,,-21.0885007398882,-5.65574487360778,0.928826514128048,-14.7277656542099,-46.2395785161019
PKLR,,1.60754890861832,-8.99067456723767,-0.17489648736339,0.000138671430239292,-5.00846387520308
PKM2,,1.60754890861832,-10.4200839792485,1.10216039223967,-2.21860421238783,26.7217452075072
PKMYT1,hsa9088,4.88854821033079,1.90488824496636,1.30454722755064,-3.80146925284667,1.81728580030754
PKN1,hsa5585,2.76775951750422,7.85848624335389,1.78206904000441,0.123639447200762,-5.47113538030173
PKN2,hsa5586,2.76775951750422,-0.55626248067755,0.983749335606495,-5.70056062282168,-14.9431239694216
PKN3,hsa29941,2.76775951750422,-1.5113634979786,1.31907370615032,-5.14587490186716,-11.8922716514019
PLK1,hsa5347,1.60754890861832,-2.88232122399641,0.616709784693656,4.43762443906639,7.93692344042051
PLK2,hsa10769,4.88854821033079,-5.51267050244668,4.61982531561291,-5.18818355523297,-6.75424182176717
PLK3,hsa1263,2.76775951750422,-2.91371237774756,-0.687085075439485,-7.6419606461625,-18.2549014967121
PLK4,hsa10733,-20.8190720260013,-19.3706827409515,3.18002557616012,-13.5084693695507,-47.4652993445319
PMVK,,4.61911949644391,-8.77931682881922,1.22468053246082,0.248748811562054,-8.63272399847584
PRKAA1,hsa5562,-21.1631685228646,-10.3869137593638,-1.27155881001354,-13.9067198500531,-45.4767533553215
PRKAA2,hsa5563,4.61911949644391,-9.14432970014039,-0.794673616143821,-5.29810839798313,-5.14385805595869
PRKACA,hsa5566,1.1930392399277,-0.40751148402454,1.18324245008088,1.2653213323554,2.85863293060588
PRKACB,hsa5567,2.76775951750422,-3.17141947069791,4.93182629621383,-3.75916059948087,-24.3162568735859
PRKACG,hsa5568,3.84794230459442,-6.17485764436506,2.02635695302919,-2.03816494736133,-1.70767031290771
PRKCA,hsa5578,1.60754890861832,-12.0699103216999,-6.3945443046924,-7.2107757009785,-4.06160126011746
PRKCB1,,4.54445171346748,-6.7791549106484,1.33221119874844,-6.97314833812158,-1.92376301199449
PRKCD,hsa5580,4.88854821033079,-9.65248716891741,4.1495378052506,1.46804509622125,-3.58548000196362
PRKCE,hsa5581,4.61911949644391,1.460519660583,-0.127728837727003,-5.85279411893765,-1.84306449366333
PRKCG,hsa5582,1.1930392399277,-6.13762600376759,3.04089547833697,-2.34013585384897,18.3399711847862
PRKCH,hsa5583,4.54445171346748,-7.86234868956488,0.462358715270048,-4.47706259382625,5.77465147424726
PRKCI,hsa5584,-21.1631685228646,-5.86340402716964,-2.53518882493483,-13.9067198500531,-45.4767533553215
PRKCQ,hsa5588,3.84794230459442,-9.31291962505895,1.33163245458112,-2.59285066831585,-9.21263251770559
PRKCZ,hsa5590,-21.8596779317377,-14.9887960364937,2.61262479452194,-14.7959365293153,-46.9826773724013
PRKD1,hsa5587,1.60754890861832,-6.6418156868915,2.83769840119175,-0.27720418904702,-2.01544549532072
PRKD2,hsa25865,-21.1631685228646,-16.0515071461095,2.70279313579003,-13.9067198500531,-45.4767533553215
PRKD3,hsa23683,1.60754890861832,-5.39150673524611,-1.49535917951527,-1.38657563095606,1.50704482983441
PRKDC,hsa5591,4.88854821033079,-14.3526862586908,3.22053766787236,-1.30538350855134,-4.42026134158928
PRKG1,hsa5592,3.84794230459442,0.755751975284043,0.0171887017693328,-1.76082208688407,-8.84097100828042
PRKG2,hsa5593,4.88854821033079,-1.6890126149193,3.72682306544182,-3.52412639236941,-8.96291543598083
PRKX,hsa5613,1.1930392399277,-7.77111302830827,1.26797059617617,-3.72685015623527,-4.93101571386025
PRKY,,1.1930392399277,-0.503346967586964,-2.27324921480689,-1.23076441193993,-2.56766993951187
PRPF4B,hsa8899,-20.8190720260013,-11.0863910637919,0.149142371917754,-13.5084693695507,-47.4652993445319
PRPS1,,1.60754890861832,-1.31882640655189,-1.19279172884162,0.000138671430239292,-12.0453746736802
PRPS2,,1.60754890861832,-4.69558756308507,-0.974257931262483,0.832167252862017,6.49040249933446
PSKH1,hsa5681,4.88854821033079,-9.2347109414776,3.97163184821717,-3.52412639236941,-11.1601567600976
PSKH2,hsa85481,3.84794230459442,1.33394846868704,3.99049890807174,-3.97956497070214,-9.69861692809991
PTK2,hsa5747,2.76775951750422,-3.40499212702079,-5.84184362490406,-7.36461778568524,-23.4812513714093
PTK2B,hsa2185,4.88854821033079,-4.21001955245112,3.25804028991454,-4.35615497380119,-6.65830024997346
PTK6,hsa5753,2.76775951750422,2.19169243270618,-4.73088632132116,-9.30601780902605,-17.6622157120799
PTK7,hsa5754,2.76775951750422,-1.32421042248236,-7.99974912716454,-5.14587490186716,-20.3683060267848
PTK9,,4.88854821033079,-4.47446836969702,0.901278291763734,-0.750697787596821,-8.51234870863185
PTK9L,,1.60754890861832,-6.82831331697011,1.91228647765088,1.66419583429379,1.36021835898189
PXK,hsa54899,4.61911949644391,0.418361446562689,-0.198451374973207,-9.73559416561928,-9.21285668025651
RAF1,hsa5894,2.76775951750422,-1.48739292270553,-1.02831263648995,-3.20447487852635,-8.64819121448932
RAGE,,3.828751566088,2.32418604212566,-5.25106157890624,-5.5816776056781,-9.3919625584415
RBKS,,1.1930392399277,-3.87060416556461,0.159791264596396,-0.953421551462676,-7.0065367728275
RET,hsa5979,3.84794230459442,-0.899949967161066,0.0939301783556586,-2.31550780783859,-6.62579668009007
RFK,,1.60754890861832,-6.74666354494624,0.231613415760502,-1.66391849143332,1.57989765888337
RFP,,1.60754890861832,-1.96956666242679,0.83755855894205,-6.10140425906946,-14.6362454372123
RIOK1,hsa83732,3.84794230459442,-1.70685009378461,0.215813699992746,-2.59285066831585,-4.92485124370996
RIOK2,hsa55781,1.1930392399277,-7.21030924723719,1.31045041805729,-0.121392970030898,0.453144596684552
RIOK3,hsa8780,4.61911949644391,-7.9516765364809,0.125298112224263,-2.52467979321054,-3.21942255631145
RIPK1,hsa8737,2.76775951750422,-0.198506326480058,0.313447841019215,-5.14587490186716,-19.0116742686176
RIPK2,hsa8767,3.84794230459442,-15.5075342670124,1.82807920130617,-7.30767929642925,3.79776193768476
RIPK3,hsa11035,3.84794230459442,-4.05734758767483,0.760990705605944,-4.53425069165666,-7.48299427480773
RIPK4,hsa54101,4.54445171346748,-3.12261219584993,-3.64857685402047,-3.64503401239447,-7.09519306171632
RIPK5,,2.76775951750422,-0.465015115038486,1.30784606930435,-1.81776057614005,-6.88829102721727
RNASEL,hsa6041,3.84794230459442,-7.88070116125832,-0.146827395248468,-2.59285066831585,-4.46912877768983
ROCK1,hsa6093,3.84794230459442,-9.50496513242244,0.381913276012899,0.180577936456743,-5.81298327045456
ROCK2,hsa9475,3.828751566088,-0.921392395823299,0.338333840213882,-5.30433474520084,-3.92082717813977
ROR1,hsa4919,4.54445171346748,-7.38291377533869,2.06027136123401,-5.30909117525803,-7.32697713936749
ROR2,hsa4920,4.54445171346748,0.56539189899444,2.09511176010653,-4.19971973334899,-6.21199261109196
ROS1,hsa6098,4.54445171346748,-0.501673240895534,1.03658867808259,-5.58643403573529,-8.7472710619959
RPS6KA1,hsa6195,4.54445171346748,-0.128467301854075,0.266627437883229,-2.8130054309627,-4.55856963550686
RPS6KA2,hsa6196,2.76775951750422,1.63868377035183,2.45144454392397,-10.1380463904578,-19.3705585126404
RPS6KA3,hsa6197,3.828751566088,-8.18763688682512,-3.22730897462997,-1.69887755899647,-2.63503078606329
RPS6KA4,hsa8986,1.1930392399277,-4.25712969184277,0.364666699826839,-1.50810727241719,5.80928458836439
RPS6KA5,hsa9252,-21.0885007398882,-10.5509389751239,-2.90743707335352,-14.7277656542099,-46.2395785161019
RPS6KA6,hsa27330,4.54445171346748,-2.01359854923209,1.16148166938974,-3.36769115191721,-6.63274571916859
RPS6KB1,hsa6198,3.828751566088,-10.1182279556683,2.32469957128142,-7.80042048949618,-3.01700377283078
RPS6KB2,hsa6199,3.828751566088,-4.30831295632963,0.0988495037778521,-4.19496330329181,-8.22586896855624
RPS6KC1,hsa26750,4.54445171346748,-0.98398743320628,0.967718122171792,-1.98097684953092,0.748927082623347
RPS6KL1,hsa83694,4.88854821033079,0.0682833672573503,1.70191297283092,2.02273081717577,-2.68770898552946
RYK,hsa6259,3.828751566088,-9.52558825431265,-1.92420860749762,-3.64027758233729,-8.08330158617119
SBK1,hsa388228,3.828751566088,-3.85935625402291,1.46213926431125,-1.42153469851922,-0.579011869026073
SCAP1,,1.1930392399277,-3.89258499581989,-1.03126423174327,-6.77762162148512,-14.51261979038
SCAP2,,1.1930392399277,-6.01166343975943,0.637486700300359,-6.2229359005306,-1.62260062483362
SCYL1,hsa57410,4.88854821033079,-12.3500430114389,6.93584372438455,-5.74286927618749,-10.7492668042614
SCYL2,hsa55681,2.76775951750422,-1.68927011133336,0.445054264667249,-5.14587490186716,-18.6769995800942
SEPHS2,,4.61911949644391,1.54245033778585,1.4338386745294,-5.57545125846039,-7.1682700533162
SGK,,1.60754890861832,-4.26348517151722,-1.846888386744,-3.60531851477413,-14.7162714678907
SGK2,hsa10110,3.84794230459442,0.0886021752036581,0.328668812619676,-3.97956497070214,-6.87035802314367
SGKL,,1.1930392399277,-3.5027354249238,-0.243709168857448,-5.66825017957608,-8.3600302552818
SLK,hsa9748,4.88854821033079,-4.59989253211214,3.87162485610468,-1.5827263690286,-3.50814392189626
SMG1,hsa23049,2.76775951750422,-3.69699306057177,2.1422794097429,-0.153703413276497,3.75180861474618
SNARK,,4.61911949644391,-4.14424092303969,1.84185331248833,-4.74342267702861,-7.61300855434127
SNF1LK,,3.84794230459442,-7.09269190792126,2.72397517231386,-8.69439359881555,-8.07119680842152
SNF1LK2,,-22.9398607188279,-10.2411239714725,1.35947004902909,-13.4661607161849,-63.4879901591837
SNRK,hsa54861,2.76775951750422,-1.28963567670276,0.0643563514057195,-0.708389134231016,-5.64306805685728
SPHK1,,1.1930392399277,-4.43782194822243,1.338345886922,-12.047135970553,-22.3601023729834
SPHK2,,1.60754890861832,-3.18022116630599,1.43516978611423,-2.77328993334235,7.78897615681338
SRC,hsa6714,4.88854821033079,-3.96874541247118,1.43198669319399,0.913359375266734,-1.99885746655264
SRMS,hsa6725,4.88854821033079,-1.87235006173437,2.63322808687844,-2.69209781093764,-0.57677024351687
SRPK1,hsa6732,3.84794230459442,1.60361744050901,-4.1619229304312,-7.58502215690651,-8.06155781873197
SRPK2,hsa6733,3.84794230459442,-7.96441090459472,-1.98978032165471,-3.42487924974763,-9.38546184446483
SSTK,,1.1930392399277,14.6042485508509,-1.84463128449145,-4.55887873766704,-6.41855840176463
STK10,hsa6793,4.88854821033079,-5.976351317885,-0.522200862170689,-5.46552641571023,-9.11288018254624
STK11,hsa6794,4.88854821033079,-2.38841969305269,3.44404866529043,-4.35615497380119,-7.8997124569678
STK16,hsa8576,3.84794230459442,-11.9946979600277,-1.51324237428538,-2.87019352879311,-6.04723313616584
STK17A,hsa9263,4.54445171346748,-3.67754037692732,-1.15187451621226,-1.98097684953092,-5.71054098468417
STK17B,hsa9262,2.76775951750422,-1.23532734209972,2.03382275278758,-1.26307485518553,-3.40727077398231
STK19,hsa8859,3.828751566088,0.309417054647808,5.14110018711589,-4.19496330329181,-3.66236775692914
STK22C,,1.1930392399277,-14.4510147757166,3.14032372628215,-2.34013585384897,-13.0896359171405
STK23,,1.1930392399277,-2.44016476789752,1.0879811601404,-1.50810727241719,2.08235801677031
STK24,hsa8428,4.54445171346748,-7.54593241420745,0.575561074397379,-3.92237687287173,-1.05289150167072
STK25,hsa10494,4.54445171346748,-2.4899669152544,-0.399275601032426,-2.25831971000818,-1.88543121578718
STK3,hsa6788,3.828751566088,-3.31746675500323,0.392735791941748,-3.08559186138277,2.11250787986903
STK31,hsa56164,4.54445171346748,4.29824718741614,-0.520464629668725,-3.64503401239447,-6.83516450264925
STK32A,hsa202374,4.61911949644391,-1.41520029170736,1.10974194083153,-2.24733693273328,-2.38867614260234
STK32B,hsa55351,3.828751566088,-8.75242015793177,-0.92460168170663,-4.74964902424632,-8.60582449236545
STK32C,hsa282974,3.828751566088,-7.22298509343872,2.24518012269198,-5.85902046615536,-8.54171400280236
STK33,hsa65975,4.54445171346748,-7.80387359480695,1.26542412183998,-3.92237687287173,2.49627416704388
STK35,hsa140901,2.76775951750422,-2.73138150782384,2.17063787394147,-9.86070352998057,-18.243917531717
STK36,hsa27148,4.54445171346748,-10.6890740968879,-2.71448376796983,-5.30909117525803,-7.77373310335082
STK38,hsa11329,3.828751566088,-2.50227992559975,-0.0331041663705689,-0.589506117087437,-8.24761273599547
STK38L,hsa23012,4.54445171346748,-9.58228428293702,-1.14226736303478,-7.25049119859884,-6.95486730484047
STK39,hsa27347,-21.1631685228646,-9.54831816504521,-4.43092321940043,-13.9067198500531,-45.4767533553215
STK4,hsa6789,4.54445171346748,-4.27858382488746,0.747911087424562,-5.30909117525803,-8.50338220659506
STK40,hsa83931,2.76775951750422,-3.78175619832935,-0.960599568913793,-9.86070352998057,-20.5386695654839
STK6,,3.84794230459442,-7.31254702800389,-1.17502428290496,-3.42487924974763,-9.91650292759404
STYK1,hsa55359,2.76775951750422,7.88049048237408,-11.1811058149095,-2.64978915757183,-23.5431202354632
SYK,hsa6850,3.84794230459442,-9.07164548507901,2.03121840403466,1.28994937836578,-4.40412163792305
TAF1,hsa6872,3.828751566088,3.44055004092683,-1.32358791065539,-4.47230616376907,3.36714567736765
TAOK1,hsa57551,4.54445171346748,-5.3468428117881,1.44495056254191,-4.75440545430351,-5.29740940333882
TAOK2,hsa9344,-21.1631685228646,2.45785008979088,-0.632625249294892,-13.9067198500531,-45.4767533553215
TAOK3,hsa51347,3.828751566088,-2.65034036368776,-1.73021356261275,-3.08559186138277,-10.1350614147409
TBK1,hsa29110,1.60754890861832,-9.87845197664288,0.233465397095921,-1.38657563095606,-2.2485745482774
TEC,hsa7006,3.828751566088,6.48088042810018,1.78843522584491,-3.36293472186003,-6.46193385536764
TEK,hsa7010,3.84794230459442,-0.494416523771853,1.47157279423852,-2.87019352879311,-8.02076023446454
TESK1,hsa7016,3.84794230459442,-14.6389754536024,1.58928935787093,-2.87019352879311,-9.52892587705355
TESK2,hsa10420,4.88854821033079,-4.04075077335003,3.29507991662287,-7.40692643905104,-8.89566667070487
TEX14,hsa56155,3.84794230459442,-2.76146177073975,1.05892820294105,-4.53425069165666,-8.94520659445816
TGFBR1,hsa7046,1.1930392399277,-8.72457543206526,2.70140414978846,0.987978471878138,9.71240292498149
TGFBR2,hsa7048,4.54445171346748,-3.55202257945254,2.38240036476299,-0.871605407621882,-6.29493275493232
TIE1,hsa7075,4.88854821033079,-9.65459395775977,1.72367375352206,-7.12958357857378,-7.31711398712701
TJP2,,1.1930392399277,3.01082363899786,-0.742818138752162,-3.44950729575801,-9.07197051700336
TK2,,1.1930392399277,14.5054635629092,1.69913500082781,-4.28153587718979,-0.121608183874035
TLK1,hsa9874,4.54445171346748,3.07162790586484,-1.88201815770017,0.237766034287155,-6.20481940946252
TLK2,hsa11011,4.88854821033079,-1.83384264344903,3.17609011582236,-4.63349783427845,-7.79659768354465
TNIK,hsa23043,1.1930392399277,-2.15022380565908,0.734715720409726,-3.44950729575801,-11.3810689540291
TNK1,hsa8711,3.84794230459442,-2.83690822006112,0.897805826759831,-2.59285066831585,-6.05844126371184
TNK2,hsa10188,4.88854821033079,-3.87089677512605,4.08332947250947,-5.18818355523297,-5.5509372484292
TNNI3K,hsa51086,3.84794230459442,-12.3001355246399,0.534933233851683,-3.97956497070214,-8.31643063912788
TP53RK,hsa112858,4.54445171346748,6.2074660538918,-4.4186538430533,-4.47706259382625,-9.09606799122725
TPK1,,-21.0885007398882,-3.21673883957355,-0.866553641724668,-14.7277656542099,-46.2395785161019
TRIB1,hsa10221,4.88854821033079,-4.37142298654075,2.60139715767597,-2.69209781093764,-8.13284150992448
TRIB2,hsa28951,1.60754890861832,-11.8819379394317,1.67245489471445,-1.38657563095606,1.67606339322801
TRIB3,hsa57761,-20.8190720260013,-12.0569652747019,2.64734944456098,-13.5084693695507,-47.4652993445319
TRIM28,hsa10155,3.84794230459442,-7.80036228006969,-0.163610976100686,-6.19830785452022,-3.99793909565622
TRIM33,hsa51592,4.88854821033079,-2.05648340655656,3.64209491934651,-3.24678353189215,-3.78789878544428
TRIO,hsa7204,4.88854821033079,-6.11593778307375,1.94683750443974,-6.02021213666475,-2.81906824036852
TRPM6,hsa140803,4.88854821033079,-4.81132049682533,2.4489559440045,0.636016514789475,-4.86118907924871
TRPM7,hsa54822,3.84794230459442,-3.67974080082934,2.13828607498842,-2.59285066831585,-9.34399177254465
TRRAP,hsa8295,3.84794230459442,4.75654398692399,0.559819233046337,-3.42487924974763,-5.99477909925059
TSSK2,hsa23617,2.76775951750422,-3.09702641579772,0.166446822520541,-8.19664636711701,-20.1445918009667
TSSK4,hsa283629,4.88854821033079,-3.05706765408764,0.845487354034304,-2.96944067141489,-3.55073480657104
TTBK1,hsa84630,3.828751566088,-4.58917131778102,1.18850902200347,-3.91762044281455,-5.40971484134967
TTBK2,hsa146057,3.828751566088,-5.07141528379702,-1.72604660460806,-2.53090614042825,-6.42898196038241
TTK,hsa7272,4.88854821033079,-12.5911298812996,0.0293423292830054,-2.41475495046038,-4.75247024205256
TTN,hsa7273,3.828751566088,-8.82962226462177,2.92925572846141,-5.85902046615536,-6.83494034009833
TXK,hsa7294,3.84794230459442,-0.339661178918119,-3.55852426158584,-3.42487924974763,-8.01739779620075
TYK2,hsa7297,3.84794230459442,-5.46702341086223,2.29304226532915,-6.19830785452022,-8.30455002392912
TYRO3,hsa7301,2.76775951750422,-1.02352483714789,-0.861055572135153,-4.8685320413899,-7.41283139636981
UCK1,,1.1930392399277,-0.434548607501482,0.173796873445487,-0.121392970030898,-3.37241349731427
UCK2,,1.1930392399277,-3.63302861044125,1.67424900163314,-1.23076441193993,-9.59292428534118
UCKL1,,1.60754890861832,-6.61409970923202,1.2851592979455,-2.77328993334235,1.71439518943531
UHMK1,hsa127933,2.76775951750422,-1.59753116163108,0.43544711148977,-5.14587490186716,-9.2825712335926
ULK1,hsa8408,3.828751566088,-8.64160306482368,0.692872517112661,-4.74964902424632,-7.98130762550264
ULK2,hsa9706,4.54445171346748,-8.28787321819159,-0.685753963854648,-4.47706259382625,-9.91896871565416
ULK3,hsa25989,2.76775951750422,-1.12486138046536,1.84121669390428,-2.64978915757183,-1.65028469987222
ULK4,hsa54986,1.1930392399277,-7.16435784170885,-0.0239021341102175,-0.398735830508157,11.0188222717426
VRK1,hsa7443,3.84794230459442,-10.3949429657297,-0.422656865392049,-2.59285066831585,-7.80421921027593
VRK2,hsa7444,4.54445171346748,-7.69811279492053,0.315820692105228,-5.86377689621255,-6.18486894243065
VRK3,hsa51231,2.76775951750422,-2.29611893299245,-0.125587484307924,-4.03650345995813,-10.9512372626403
WEE1,hsa7465,4.61911949644391,-8.54930230476344,1.22074507212306,-5.29810839798313,-9.55066964449278
WNK1,hsa65125,4.54445171346748,-6.6086454670068,-1.33221119874842,-5.86377689621255,2.56509207017629
WNK2,hsa65268,4.88854821033079,-6.96478641642515,1.79428054193481,-2.96944067141489,-5.74013044140559
WNK3,hsa65267,3.84794230459442,9.22363859567276,-3.30850678130464,-7.030336435952,-11.0530070607579
WNK4,hsa65266,2.76775951750422,-0.422926155721134,0.472602487031563,-6.53258920425346,-18.4317657493879
XYLB,,1.1930392399277,3.85939136717028,-2.44027478149475,0.43329275092362,-7.94577786118184
YES1,hsa7525,4.54445171346748,-0.516444171556963,2.33911030104764,-3.36769115191721,-5.22747068745181
YSK4,,3.84794230459442,-8.2617022190165,-1.14840205120834,-6.19830785452022,-7.71007093888958
ZAK,,4.88854821033079,-7.26067320495203,1.82252325729991,-3.24678353189215,-7.49890981592304
ZAP70,hsa7535,3.828751566088,-1.96488490944377,4.0199569861882,-5.02699188472358,-7.94319999184626
noSIRNA,,1.1930392399277,-0.315023453844975,-2.77467316137087,-8.16433592387141,-21.6956845720569
p53,,-22.9398607188279,-0.562278533260731,-5.91175592031604,-13.4661607161849,-63.4879901591837
